Nombre,Rating,Texto,Ubicacion,Fecha,Semana_Review,Año_Review
Andrew Boone,5.0,"Working with BairesDev has been a fantastic experience! We especially appreciate how quick and responsive their communication is—they're always on top of things and ready to help. Their team is professional, efficient, and truly feels like …",Washington DC,2025-05-05,19,2025
Andrew Boone,,,Washington DC,,19,2026
Will Read,1.0,"If you’d like your job done right, or done at all for that matter, hire literally anyone else",Washington DC,2025-05-05,19,2025
Will Read,,,Washington DC,,19,2026
Gabriel Elizondo,5.0,Great experience with their software developers,Washington DC,2025-05-05,19,2025
Gabriel Elizondo,,,Washington DC,,19,2026
Guillermo Casagrande,5.0,Everyone was super polite.,Washington DC,2024-05-05,18,2024
Guillermo Casagrande,,,Washington DC,,19,2026
Judith Lorena Pacheco,5.0,,Washington DC,2025-05-05,19,2025
Judith Lorena Pacheco,,,Washington DC,,19,2026
Francesca Saettone,5.0,Great team to work with!,Greensboro,2025-05-05,19,2025
Francesca Saettone,,,Greensboro,,19,2026
Mark Holden,5.0,,Greensboro,2021-05-05,18,2021
Mark Holden,,,Greensboro,,19,2026
Carlos Damian Oroña Molina,5.0,"Great experience working with Baires! The team was super skilled, easy to work with, and always delivered high-quality results. Everything went smoothly and they often exceeded expectations.",San Francisco,2026-04-14,16,2026
Carlos Damian Oroña Molina,,,San Francisco,,19,2026
Nathan Eryn,5.0,Excellent results. Very talented developers,Barcelona,2021-05-05,18,2021
Nathan Eryn,,,Barcelona,,19,2026
Marisa Gonzalez,5.0,I love being able to work remotely; it's super convenient and allows me to better organize my schedule.,Barcelona,2021-05-05,18,2021
Marisa Gonzalez,,,Barcelona,,19,2026
Andrew Boone,,,Washington DC,,19,2026
Will Read,,,Washington DC,,19,2026
Gabriel Elizondo,,,Washington DC,,19,2026
Guillermo Casagrande,,,Washington DC,,19,2026
Judith Lorena Pacheco,,,Washington DC,,19,2026
Francesca Saettone,,,Greensboro,,19,2026
Mark Holden,,,Greensboro,,19,2026
Carlos Damian Oroña Molina,,,San Francisco,,19,2026
Nathan Eryn,,,Barcelona,,19,2026
Marisa Gonzalez,,,Barcelona,,19,2026
Andrew Boone,,,Washington DC,,19,2026
Will Read,,,Washington DC,,19,2026
"Gabriel Elizondo
5 reviews",5.0,Great experience with their software developers,Washington DC,2025-05-05,19,2025
Gabriel Elizondo,,,Washington DC,,19,2026
Guillermo Casagrande,,,Washington DC,,19,2026
"Judith Lorena Pacheco
1 review",5.0,,Washington DC,2025-05-05,19,2025
Judith Lorena Pacheco,,,Washington DC,,19,2026
Francesca Saettone,,,Greensboro,,19,2026
Mark Holden,,,Greensboro,,19,2026
Carlos Damian Oroña Molina,,,San Francisco,,19,2026
Nathan Eryn,,,Barcelona,,19,2026
Marisa Gonzalez,,,Barcelona,,19,2026
Andrew Boone,,,Washington DC,,19,2026
Will Read,,,Washington DC,,19,2026
Gabriel Elizondo,,,Washington DC,,19,2026
Francesca Saettone,,,Greensboro,,19,2026
Mark Holden,,,Greensboro,,19,2026
Carlos Damian Oroña Molina,,,San Francisco,,19,2026
Adam M,5.0,"I evaluate technology partners regularly, and BairesDev stood out. The team was responsive, professional, and easy to work with throughout. Strong execution and communication all around. I’d confidently recommend them to anyone considering an external engineering partner.",San Francisco,2026-03-05,10,2026
Adam M,,,San Francisco,,19,2026
Alexander Makeev,5.0,"Worked together with DevOps guys from Baires on multiple ambitios web SaaS projects - all worked good, we did multiple MVP scalings without any issues.",San Francisco,2026-02-05,6,2026
Alexander Makeev,,,San Francisco,,19,2026
Lucas Borges,5.0,"Amazing company, reliable services, and very friendly people. I definitely recommend them.",San Francisco,2026-02-05,6,2026
Lucas Borges,,,San Francisco,,19,2026
Nathan Eryn,,,Barcelona,,19,2026
Marisa Gonzalez,,,Barcelona,,19,2026
